{
    "loss": 20.741119384765625,
    "accuracy": 0.690077006816864
}