{
    "loss": 1.6072442531585693,
    "accuracy": 0.7503398060798645
}